{
    "case_info": [
        {
            "data_field": "dbid",
            "display_text": "ID"
        },
        {
            "data_field": "AGEYEARS",
            "display_text": "Age (years)"
        },
        {
            "data_field": "ONSET_DT",
            "display_text": "Date (onset)",
            "type": "date"
        },
        {
            "data_field": "REPORT_DT",
            "display_text": "Date (report)",
            "type": "date"
        }
    ],
    "case_info_grid": [
        
        {
            "name": "dbid",
            "displayName": "ID",
              "sort": {
                "direction": "asc",
                        "priority": "1"
                }
        },
        {
            "name": "AGEYEARS",
            "displayName": "Age (years)"
        },
        {
            "name": "ONSET_DT",
            "displayName": "Date (onset)",
            "type" : "date"
        },
        {
            "name": "REPORT_DT",
            "displayName": "Date (report)",
            "type" : "date"
        }
    ]
}